Workbook
Name BATTERY_MAX: Ranking!$F$10
Name BATTERY_MIN: Ranking!$E$10
Name CPU_MAX: Ranking!$F$5
Name CPU_MIN: Ranking!$E$5
Name DURABILITY_MAX: Ranking!$F$11
Name DURABILITY_MIN: Ranking!$E$11
Name GPU_MAX: Ranking!$F$7
Name GPU_MIN: Ranking!$E$7
Name RAM_MAX: Ranking!$F$6
Name RAM_MIN: Ranking!$E$6
Name SCREEN_MAX: Ranking!$F$8
Name SCREEN_MIN: Ranking!$E$8
Name UPGRADE_MAX: Ranking!$F$12
Name UPGRADE_MIN: Ranking!$E$12
Name W_BATTERY: Ranking!$B$10
Name W_CPU: Ranking!$B$5
Name W_DURABILITY: Ranking!$B$11
Name W_GPU: Ranking!$B$7
Name W_RAM: Ranking!$B$6
Name W_SCREEN: Ranking!$B$8
Name W_UPGRADE: Ranking!$B$12
Name W_WEIGHT: Ranking!$B$9
Name WEIGHT_MAX: Ranking!$F$9
Name WEIGHT_MIN: Ranking!$E$9

Sheet README
A1: QUICK GUIDE – Excel AHP chọn laptop cho sinh viên
A3: 1) Laptop_Data: chứa danh sách laptop (phương án). Bạn có thể sửa/nhập thêm dữ liệu.
A4: - Các cột Battery/Durability/Upgradability/Ports/Release Year/Condition là cột bạn bổ sung.
A5: - Các cột CPU/GPU/Screen Score là điểm gợi ý (heuristic). Bạn có thể thay bằng cách tính khác.
A7: 2) Filters: nhập điều kiện lọc (giá, SSD, hãng, năm).
A8: - Cột PassFilter trong Laptop_Data sẽ tự cập nhật TRUE/FALSE.
A10: 3) AHP_Setup: nhập so sánh cặp 8 tiêu chí theo thang Saaty (1–9) ở phần tam giác trên.
A11: - Tam giác dưới tự tính nghịch đảo. Hệ thống tính trọng số, CI, CR.
A12: - Nếu CR ≥ 0.1, nên điều chỉnh lại so sánh cặp để nhất quán hơn.
A14: 4) AI_Suggestions: trả lời vài câu hỏi để nhận 'gợi ý trọng số' (mô phỏng AI).
A15: - Bạn có thể dùng trọng số gợi ý làm điểm khởi đầu cho AHP_Setup.
A17: 5) Ranking: xem top laptop theo trọng số AHP và lọc hiện tại. Có biểu đồ top 10.
A19: Ghi chú: Template phục vụ môn Hệ hỗ trợ ra quyết định.

Sheet Lists
A1: Company_List | C1: Condition_List | E1: Saaty_1_to_9 | G1: Scale_1_to_5
A2: All | C2: All | E2: 1 | G2: 1
A3: Acer | C3: New | E3: 2 | G3: 2
A4: Apple | C4: Used | E4: 3 | G4: 3
A5: Asus | E5: 4 | G5: 4
A6: Chuwi | E6: 5 | G6: 5
A7: Dell | E7: 6
A8: Fujitsu | E8: 7
A9: Google | E9: 8
A10: HP | E10: 9
A11: Huawei
A12: LG
A13: Lenovo
A14: MSI
A15: Mediacom
A16: Microsoft
A17: Razer
A18: Samsung
A19: Toshiba
A20: Vero
A21: Xiaomi

Sheet Filters
A1: Tìm kiếm lựa chọn nhu cầu chọn máy
A3: Giá tối thiểu (VND) | B3: 0
A4: Giá tối đa (VND) | B4: 25000000
A5: SSD tối thiểu (GB) | B5: 256
A6: Hãng sản xuất | B6: All
A7: Năm ra mắt (từ) | B7: 0
A8: Năm ra mắt (đến) | B8: 2025
A9: Tình trạng (mới/cũ) | B9: All

Sheet Laptop_Data
A1: ID | B1: Company | C1: Full Name | D1: Product | E1: TypeName | F1: Release Year | G1: Condition | H1: Price (VND) | I1: SSD (GB) | J1: HDD (GB) | K1: RAM (GB) | L1: CPU Score (1-10) | M1: GPU Score (1-10) | N1: Screen Score (1-10) | O1: Inches | P1: Weight (kg) | Q1: Battery (hrs) | R1: Durability (1-10) | S1: Upgradability (1-10) | T1: Ports (#) | U1: CPU_Company | V1: CPU_Type | W1: CPU_Frequency (GHz) | X1: GPU_Company | Y1: GPU_Type | Z1: Memory | AA1: ScreenResolution | AB1: OpSys | AC1: Price (Euro) | AD1: PassFilter | AE1: Battery_Fill | AF1: Durability_Fill | AG1: Upgradability_Fill | AH1: Norm_CPU | AI1: Norm_RAM | AJ1: Norm_GPU | AK1: Norm_Screen | AL1: Norm_Weight | AM1: Norm_Battery | AN1: Norm_Durability | AO1: Norm_Upgrade | AP1: AHP Score | AQ1: Score_Adjusted
A2: 1 | B2: Apple | C2: Apple MacBook Pro (Ultrabook) | D2: MacBook Pro | E2: Ultrabook | G2: New | H2: 36171630 | I2: 128 | J2: 0 | K2: 8 | L2: 6.6 | M2: 4.2 | N2: 8.76 | O2: 13.3 | P2: 1.37 | U2: Intel | V2: Core i5 | W2: 2.3 | X2: Intel | Y2: Iris Plus Graphics 640 | Z2: 128GB SSD | AA2: IPS Panel Retina Display 2560x1600 | AB2: macOS | AC2: 1339.69 | AD2: =AND( H2>=Filters!$B$3, H2<=Filters!$B$4, I2>=Filters!$B$5, OR(Filters!$B$6="All",B2=Filters!$B$6), F2>=Filters!$B$7, F2<=Filters!$B$8, OR(Filters!$B$9="All",G2=Filters!$B$9) ) -> FALSE | AE2: =IF(Q2="",6,Q2) -> 6 | AF2: =IF(R2="",7,R2) -> 7 | AG2: =IF(S2="",7,S2) -> 7 | AH2: =IF(AD2,IF(CPU_MAX=CPU_MIN,1,(L2-CPU_MIN)/(CPU_MAX-CPU_MIN)),"") | AI2: =IF(AD2,IF(RAM_MAX=RAM_MIN,1,(K2-RAM_MIN)/(RAM_MAX-RAM_MIN)),"") | AJ2: =IF(AD2,IF(GPU_MAX=GPU_MIN,1,(M2-GPU_MIN)/(GPU_MAX-GPU_MIN)),"") | AK2: =IF(AD2,IF(SCREEN_MAX=SCREEN_MIN,1,(N2-SCREEN_MIN)/(SCREEN_MAX-SCREEN_MIN)),"") | AL2: =IF(AD2,IF(WEIGHT_MAX=WEIGHT_MIN,1,(WEIGHT_MAX-P2)/(WEIGHT_MAX-WEIGHT_MIN)),"") | AM2: =IF(AD2,IF(BATTERY_MAX=BATTERY_MIN,1,(AE2-BATTERY_MIN)/(BATTERY_MAX-BATTERY_MIN)),"") | AN2: =IF(AD2,IF(DURABILITY_MAX=DURABILITY_MIN,1,(AF2-DURABILITY_MIN)/(DURABILITY_MAX-DURABILITY_MIN)),"") | AO2: =IF(AD2,IF(UPGRADE_MAX=UPGRADE_MIN,1,(AG2-UPGRADE_MIN)/(UPGRADE_MAX-UPGRADE_MIN)),"") | AP2: =IF(AD2,W_CPU*AH2+W_RAM*AI2+W_GPU*AJ2+W_SCREEN*AK2+W_WEIGHT*AL2+W_BATTERY*AM2+W_DURABILITY*AN2+W_UPGRADE*AO2,"" ) | AQ2: =IF(AP2="","",AP2+ROW()*0.000000001)
A3: 2 | B3: Apple | C3: Apple Macbook Air (Ultrabook) | D3: Macbook Air | E3: Ultrabook | G3: New | H3: 24271380 | I3: 128 | J3: 0 | K3: 8 | L3: 5.6 | M3: 3.5 | N3: 5.96 | O3: 13.3 | P3: 1.34 | U3: Intel | V3: Core i5 | W3: 1.8 | X3: Intel | Y3: HD Graphics 6000 | Z3: 128GB Flash Storage | AA3: 1440x900 | AB3: macOS | AC3: 898.94 | AD3: =AND( H3>=Filters!$B$3, H3<=Filters!$B$4, I3>=Filters!$B$5, OR(Filters!$B$6="All",B3=Filters!$B$6), F3>=Filters!$B$7, F3<=Filters!$B$8, OR(Filters!$B$9="All",G3=Filters!$B$9) ) -> FALSE | AE3: =IF(Q3="",6,Q3) -> 6 | AF3: =IF(R3="",7,R3) -> 7 | AG3: =IF(S3="",7,S3) -> 7 | AH3: =IF(AD3,IF(CPU_MAX=CPU_MIN,1,(L3-CPU_MIN)/(CPU_MAX-CPU_MIN)),"") | AI3: =IF(AD3,IF(RAM_MAX=RAM_MIN,1,(K3-RAM_MIN)/(RAM_MAX-RAM_MIN)),"") | AJ3: =IF(AD3,IF(GPU_MAX=GPU_MIN,1,(M3-GPU_MIN)/(GPU_MAX-GPU_MIN)),"") | AK3: =IF(AD3,IF(SCREEN_MAX=SCREEN_MIN,1,(N3-SCREEN_MIN)/(SCREEN_MAX-SCREEN_MIN)),"") | AL3: =IF(AD3,IF(WEIGHT_MAX=WEIGHT_MIN,1,(WEIGHT_MAX-P3)/(WEIGHT_MAX-WEIGHT_MIN)),"") | AM3: =IF(AD3,IF(BATTERY_MAX=BATTERY_MIN,1,(AE3-BATTERY_MIN)/(BATTERY_MAX-BATTERY_MIN)),"") | AN3: =IF(AD3,IF(DURABILITY_MAX=DURABILITY_MIN,1,(AF3-DURABILITY_MIN)/(DURABILITY_MAX-DURABILITY_MIN)),"") | AO3: =IF(AD3,IF(UPGRADE_MAX=UPGRADE_MIN,1,(AG3-UPGRADE_MIN)/(UPGRADE_MAX-UPGRADE_MIN)),"") | AP3: =IF(AD3,W_CPU*AH3+W_RAM*AI3+W_GPU*AJ3+W_SCREEN*AK3+W_WEIGHT*AL3+W_BATTERY*AM3+W_DURABILITY*AN3+W_UPGRADE*AO3,"" ) | AQ3: =IF(AP3="","",AP3+ROW()*0.000000001)
A4: 3 | B4: HP | C4: HP 250 G6 (Notebook) | D4: 250 G6 | E4: Notebook | G4: New | H4: 15525000 | I4: 256 | J4: 0 | K4: 8 | L4: 7 | M4: 3.5 | N4: 5.92 | O4: 15.6 | P4: 1.86 | U4: Intel | V4: Core i5 7200U | W4: 2.5 | X4: Intel | Y4: HD Graphics 620 | Z4: 256GB SSD | AA4: Full HD 1920x1080 | AB4: No OS | AC4: 575 | AD4: =AND( H4>=Filters!$B$3, H4<=Filters!$B$4, I4>=Filters!$B$5, OR(Filters!$B$6="All",B4=Filters!$B$6), F4>=Filters!$B$7, F4<=Filters!$B$8, OR(Filters!$B$9="All",G4=Filters!$B$9) ) -> TRUE | AE4: =IF(Q4="",6,Q4) -> 6 | AF4: =IF(R4="",7,R4) -> 7 | AG4: =IF(S4="",7,S4) -> 7 | AH4: =IF(AD4,IF(CPU_MAX=CPU_MIN,1,(L4-CPU_MIN)/(CPU_MAX-CPU_MIN)),"") -> 0.69047619 | AI4: =IF(AD4,IF(RAM_MAX=RAM_MIN,1,(K4-RAM_MIN)/(RAM_MAX-RAM_MIN)),"") -> 0.80952381 | AJ4: =IF(AD4,IF(GPU_MAX=GPU_MIN,1,(M4-GPU_MIN)/(GPU_MAX-GPU_MIN)),"") -> 0.27380952 | AK4: =IF(AD4,IF(SCREEN_MAX=SCREEN_MIN,1,(N4-SCREEN_MIN)/(SCREEN_MAX-SCREEN_MIN)),"") -> 0.56190476 | AL4: =IF(AD4,IF(WEIGHT_MAX=WEIGHT_MIN,1,(WEIGHT_MAX-P4)/(WEIGHT_MAX-WEIGHT_MIN)),"") -> 0.92142857 | AM4: =IF(AD4,IF(BATTERY_MAX=BATTERY_MIN,1,(AE4-BATTERY_MIN)/(BATTERY_MAX-BATTERY_MIN)),"") -> 0.57142857 | AN4: =IF(AD4,IF(DURABILITY_MAX=DURABILITY_MIN,1,(AF4-DURABILITY_MIN)/(DURABILITY_MAX-DURABILITY_MIN)),"") -> 0.69047619 | AO4: =IF(AD4,IF(UPGRADE_MAX=UPGRADE_MIN,1,(AG4-UPGRADE_MIN)/(UPGRADE_MAX-UPGRADE_MIN)),"") -> 0.69047619 | AP4: =IF(AD4,W_CPU*AH4+W_RAM*AI4+W_GPU*AJ4+W_SCREEN*AK4+W_WEIGHT*AL4+W_BATTERY*AM4+W_DURABILITY*AN4+W_UPGRADE*AO4,"" ) -> 0.6691723 | AQ4: =IF(AP4="","",AP4+ROW()*0.000000001) -> 0.6691723
A5: 4 | B5: Apple | C5: Apple MacBook Pro (Ultrabook) | D5: MacBook Pro | E5: Ultrabook | G5: New | H5: 68511150 | I5: 512 | J5: 0 | K5: 16 | L5: 9.4 | M5: 7.2 | N5: 8.73 | O5: 15.4 | P5: 1.83 | U5: Intel | V5: Core i7 | W5: 2.7 | X5: AMD | Y5: Radeon Pro 455 | Z5: 512GB SSD | AA5: IPS Panel Retina Display 2880x1800 | AB5: macOS | AC5: 2537.45 | AD5: =AND( H5>=Filters!$B$3, H5<=Filters!$B$4, I5>=Filters!$B$5, OR(Filters!$B$6="All",B5=Filters!$B$6), F5>=Filters!$B$7, F5<=Filters!$B$8, OR(Filters!$B$9="All",G5=Filters!$B$9) ) -> FALSE | AE5: =IF(Q5="",6,Q5) -> 6 | AF5: =IF(R5="",7,R5) -> 7 | AG5: =IF(S5="",7,S5) -> 7 | AH5: =IF(AD5,IF(CPU_MAX=CPU_MIN,1,(L5-CPU_MIN)/(CPU_MAX-CPU_MIN)),"") | AI5: =IF(AD5,IF(RAM_MAX=RAM_MIN,1,(K5-RAM_MIN)/(RAM_MAX-RAM_MIN)),"") | AJ5: =IF(AD5,IF(GPU_MAX=GPU_MIN,1,(M5-GPU_MIN)/(GPU_MAX-GPU_MIN)),"") | AK5: =IF(AD5,IF(SCREEN_MAX=SCREEN_MIN,1,(N5-SCREEN_MIN)/(SCREEN_MAX-SCREEN_MIN)),"") | AL5: =IF(AD5,IF(WEIGHT_MAX=WEIGHT_MIN,1,(WEIGHT_MAX-P5)/(WEIGHT_MAX-WEIGHT_MIN)),"") | AM5: =IF(AD5,IF(BATTERY_MAX=BATTERY_MIN,1,(AE5-BATTERY_MIN)/(BATTERY_MAX-BATTERY_MIN)),"") | AN5: =IF(AD5,IF(DURABILITY_MAX=DURABILITY_MIN,1,(AF5-DURABILITY_MIN)/(DURABILITY_MAX-DURABILITY_MIN)),"") | AO5: =IF(AD5,IF(UPGRADE_MAX=UPGRADE_MIN,1,(AG5-UPGRADE_MIN)/(UPGRADE_MAX-UPGRADE_MIN)),"") | AP5: =IF(AD5,W_CPU*AH5+W_RAM*AI5+W_GPU*AJ5+W_SCREEN*AK5+W_WEIGHT*AL5+W_BATTERY*AM5+W_DURABILITY*AN5+W_UPGRADE*AO5,"" ) | AQ5: =IF(AP5="","",AP5+ROW()*0.000000001)
A6: 5 | B6: Apple | C6: Apple MacBook Pro (Ultrabook) | D6: MacBook Pro | E6: Ultrabook | G6: New | H6: 48697200 | I6: 256 | J6: 0 | K6: 8 | L6: 8.2 | M6: 4.2 | N6: 8.76 | O6: 13.3 | P6: 1.37 | U6: Intel | V6: Core i5 | W6: 3.1 | X6: Intel | Y6: Iris Plus Graphics 650 | Z6: 256GB SSD | AA6: IPS Panel Retina Display 2560x1600 | AB6: macOS | AC6: 1803.6 | AD6: =AND( H6>=Filters!$B$3, H6<=Filters!$B$4, I6>=Filters!$B$5, OR(Filters!$B$6="All",B6=Filters!$B$6), F6>=Filters!$B$7, F6<=Filters!$B$8, OR(Filters!$B$9="All",G6=Filters!$B$9) ) -> FALSE | AE6: =IF(Q6="",6,Q6) -> 6 | AF6: =IF(R6="",7,R6) -> 7 | AG6: =IF(S6="",7,S6) -> 7 | AH6: =IF(AD6,IF(CPU_MAX=CPU_MIN,1,(L6-CPU_MIN)/(CPU_MAX-CPU_MIN)),"") | AI6: =IF(AD6,IF(RAM_MAX=RAM_MIN,1,(K6-RAM_MIN)/(RAM_MAX-RAM_MIN)),"") | AJ6: =IF(AD6,IF(GPU_MAX=GPU_MIN,1,(M6-GPU_MIN)/(GPU_MAX-GPU_MIN)),"") | AK6: =IF(AD6,IF(SCREEN_MAX=SCREEN_MIN,1,(N6-SCREEN_MIN)/(SCREEN_MAX-SCREEN_MIN)),"") | AL6: =IF(AD6,IF(WEIGHT_MAX=WEIGHT_MIN,1,(WEIGHT_MAX-P6)/(WEIGHT_MAX-WEIGHT_MIN)),"") | AM6: =IF(AD6,IF(BATTERY_MAX=BATTERY_MIN,1,(AE6-BATTERY_MIN)/(BATTERY_MAX-BATTERY_MIN)),"") | AN6: =IF(AD6,IF(DURABILITY_MAX=DURABILITY_MIN,1,(AF6-DURABILITY_MIN)/(DURABILITY_MAX-DURABILITY_MIN)),"") | AO6: =IF(AD6,IF(UPGRADE_MAX=UPGRADE_MIN,1,(AG6-UPGRADE_MIN)/(UPGRADE_MAX-UPGRADE_MIN)),"") | AP6: =IF(AD6,W_CPU*AH6+W_RAM*AI6+W_GPU*AJ6+W_SCREEN*AK6+W_WEIGHT*AL6+W_BATTERY*AM6+W_DURABILITY*AN6+W_UPGRADE*AO6,"" ) | AQ6: =IF(AP6="","",AP6+ROW()*0.000000001)
A7: 6 | B7: Acer | C7: Acer Aspire 3 (Notebook) | D7: Aspire 3 | E7: Notebook | G7: New | H7: 10800000 | I7: 0 | J7: 500 | K7: 4 | L7: 7 | M7: 6.5 | N7: 3.92 | O7: 15.6 | P7: 2.1 | U7: AMD | V7: A9-Series 9420 | W7: 3 | X7: AMD | Y7: Radeon R5 | Z7: 500GB HDD | AA7: 1366x768 | AB7: Windows 10 | AC7: 400 | AD7: =AND( H7>=Filters!$B$3, H7<=Filters!$B$4, I7>=Filters!$B$5, OR(Filters!$B$6="All",B7=Filters!$B$6), F7>=Filters!$B$7, F7<=Filters!$B$8, OR(Filters!$B$9="All",G7=Filters!$B$9) ) -> FALSE | AE7: =IF(Q7="",6,Q7) -> 6 | AF7: =IF(R7="",7,R7) -> 7 | AG7: =IF(S7="",7,S7) -> 7 | AH7: =IF(AD7,IF(CPU_MAX=CPU_MIN,1,(L7-CPU_MIN)/(CPU_MAX-CPU_MIN)),"") | AI7: =IF(AD7,IF(RAM_MAX=RAM_MIN,1,(K7-RAM_MIN)/(RAM_MAX-RAM_MIN)),"") | AJ7: =IF(AD7,IF(GPU_MAX=GPU_MIN,1,(M7-GPU_MIN)/(GPU_MAX-GPU_MIN)),"") | AK7: =IF(AD7,IF(SCREEN_MAX=SCREEN_MIN,1,(N7-SCREEN_MIN)/(SCREEN_MAX-SCREEN_MIN)),"") | AL7: =IF(AD7,IF(WEIGHT_MAX=WEIGHT_MIN,1,(WEIGHT_MAX-P7)/(WEIGHT_MAX-WEIGHT_MIN)),"") | AM7: =IF(AD7,IF(BATTERY_MAX=BATTERY_MIN,1,(AE7-BATTERY_MIN)/(BATTERY_MAX-BATTERY_MIN)),"") | AN7: =IF(AD7,IF(DURABILITY_MAX=DURABILITY_MIN,1,(AF7-DURABILITY_MIN)/(DURABILITY_MAX-DURABILITY_MIN)),"") | AO7: =IF(AD7,IF(UPGRADE_MAX=UPGRADE_MIN,1,(AG7-UPGRADE_MIN)/(UPGRADE_MAX-UPGRADE_MIN)),"") | AP7: =IF(AD7,W_CPU*AH7+W_RAM*AI7+W_GPU*AJ7+W_SCREEN*AK7+W_WEIGHT*AL7+W_BATTERY*AM7+W_DURABILITY*AN7+W_UPGRADE*AO7,"" ) | AQ7: =IF(AP7="","",AP7+ROW()*0.000000001)
A8: 7 | B8: Apple | C8: Apple MacBook Pro (Ultrabook) | D8: MacBook Pro | E8: Ultrabook | G8: New | H8: 57779190 | I8: 256 | J8: 0 | K8: 16 | L8: 8.4 | M8: 4.2 | N8: 8.73 | O8: 15.4 | P8: 2.04 | U8: Intel | V8: Core i7 | W8: 2.2 | X8: Intel | Y8: Iris Pro Graphics | Z8: 256GB Flash Storage | AA8: IPS Panel Retina Display 2880x1800 | AB8: Mac OS X | AC8: 2139.97 | AD8: =AND( H8>=Filters!$B$3, H8<=Filters!$B$4, I8>=Filters!$B$5, OR(Filters!$B$6="All",B8=Filters!$B$6), F8>=Filters!$B$7, F8<=Filters!$B$8, OR(Filters!$B$9="All",G8=Filters!$B$9) ) -> FALSE | AE8: =IF(Q8="",6,Q8) -> 6 | AF8: =IF(R8="",7,R8) -> 7 | AG8: =IF(S8="",7,S8) -> 7 | AH8: =IF(AD8,IF(CPU_MAX=CPU_MIN,1,(L8-CPU_MIN)/(CPU_MAX-CPU_MIN)),"") | AI8: =IF(AD8,IF(RAM_MAX=RAM_MIN,1,(K8-RAM_MIN)/(RAM_MAX-RAM_MIN)),"") | AJ8: =IF(AD8,IF(GPU_MAX=GPU_MIN,1,(M8-GPU_MIN)/(GPU_MAX-GPU_MIN)),"") | AK8: =IF(AD8,IF(SCREEN_MAX=SCREEN_MIN,1,(N8-SCREEN_MIN)/(SCREEN_MAX-SCREEN_MIN)),"") | AL8: =IF(AD8,IF(WEIGHT_MAX=WEIGHT_MIN,1,(WEIGHT_MAX-P8)/(WEIGHT_MAX-WEIGHT_MIN)),"") | AM8: =IF(AD8,IF(BATTERY_MAX=BATTERY_MIN,1,(AE8-BATTERY_MIN)/(BATTERY_MAX-BATTERY_MIN)),"") | AN8: =IF(AD8,IF(DURABILITY_MAX=DURABILITY_MIN,1,(AF8-DURABILITY_MIN)/(DURABILITY_MAX-DURABILITY_MIN)),"") | AO8: =IF(AD8,IF(UPGRADE_MAX=UPGRADE_MIN,1,(AG8-UPGRADE_MIN)/(UPGRADE_MAX-UPGRADE_MIN)),"") | AP8: =IF(AD8,W_CPU*AH8+W_RAM*AI8+W_GPU*AJ8+W_SCREEN*AK8+W_WEIGHT*AL8+W_BATTERY*AM8+W_DURABILITY*AN8+W_UPGRADE*AO8,"" ) | AQ8: =IF(AP8="","",AP8+ROW()*0.000000001)
A9: 8 | B9: Apple | C9: Apple Macbook Air (Ultrabook) | D9: Macbook Air | E9: Ultrabook | G9: New | H9: 31284900 | I9: 256 | J9: 0 | K9: 8 | L9: 5.6 | M9: 3.5 | N9: 5.96 | O9: 13.3 | P9: 1.34 | U9: Intel | V9: Core i5 | W9: 1.8 | X9: Intel | Y9: HD Graphics 6000 | Z9: 256GB Flash Storage | AA9: 1440x900 | AB9: macOS | AC9: 1158.7 | AD9: =AND( H9>=Filters!$B$3, H9<=Filters!$B$4, I9>=Filters!$B$5, OR(Filters!$B$6="All",B9=Filters!$B$6), F9>=Filters!$B$7, F9<=Filters!$B$8, OR(Filters!$B$9="All",G9=Filters!$B$9) ) -> FALSE | AE9: =IF(Q9="",6,Q9) -> 6 | AF9: =IF(R9="",7,R9) -> 7 | AG9: =IF(S9="",7,S9) -> 7 | AH9: =IF(AD9,IF(CPU_MAX=CPU_MIN,1,(L9-CPU_MIN)/(CPU_MAX-CPU_MIN)),"") | AI9: =IF(AD9,IF(RAM_MAX=RAM_MIN,1,(K9-RAM_MIN)/(RAM_MAX-RAM_MIN)),"") | AJ9: =IF(AD9,IF(GPU_MAX=GPU_MIN,1,(M9-GPU_MIN)/(GPU_MAX-GPU_MIN)),"") | AK9: =IF(AD9,IF(SCREEN_MAX=SCREEN_MIN,1,(N9-SCREEN_MIN)/(SCREEN_MAX-SCREEN_MIN)),"") | AL9: =IF(AD9,IF(WEIGHT_MAX=WEIGHT_MIN,1,(WEIGHT_MAX-P9)/(WEIGHT_MAX-WEIGHT_MIN)),"") | AM9: =IF(AD9,IF(BATTERY_MAX=BATTERY_MIN,1,(AE9-BATTERY_MIN)/(BATTERY_MAX-BATTERY_MIN)),"") | AN9: =IF(AD9,IF(DURABILITY_MAX=DURABILITY_MIN,1,(AF9-DURABILITY_MIN)/(DURABILITY_MAX-DURABILITY_MIN)),"") | AO9: =IF(AD9,IF(UPGRADE_MAX=UPGRADE_MIN,1,(AG9-UPGRADE_MIN)/(UPGRADE_MAX-UPGRADE_MIN)),"") | AP9: =IF(AD9,W_CPU*AH9+W_RAM*AI9+W_GPU*AJ9+W_SCREEN*AK9+W_WEIGHT*AL9+W_BATTERY*AM9+W_DURABILITY*AN9+W_UPGRADE*AO9,"" ) | AQ9: =IF(AP9="","",AP9+ROW()*0.000000001)
A10: 9 | B10: Asus | C10: Asus ZenBook UX430UN (Ultrabook) | D10: ZenBook UX430UN | E10: Ultrabook | G10: New | H10: 40365000 | I10: 512 | J10: 0 | K10: 16 | L10: 7.6 | M10: 6.5 | N10: 6 | O10: 14 | P10: 1.3 | U10: Intel | V10: Core i7 8550U | W10: 1.8 | X10: Nvidia | Y10: GeForce MX150 | Z10: 512GB SSD | AA10: Full HD 1920x1080 | AB10: Windows 10 | AC10: 1495 | AD10: =AND( H10>=Filters!$B$3, H10<=Filters!$B$4, I10>=Filters!$B$5, OR(Filters!$B$6="All",B10=Filters!$B$6), F10>=Filters!$B$7, F10<=Filters!$B$8, OR(Filters!$B$9="All",G10=Filters!$B$9) ) -> FALSE | AE10: =IF(Q10="",6,Q10) -> 6 | AF10: =IF(R10="",7,R10) -> 7 | AG10: =IF(S10="",7,S10) -> 7 | AH10: =IF(AD10,IF(CPU_MAX=CPU_MIN,1,(L10-CPU_MIN)/(CPU_MAX-CPU_MIN)),"") | AI10: =IF(AD10,IF(RAM_MAX=RAM_MIN,1,(K10-RAM_MIN)/(RAM_MAX-RAM_MIN)),"") | AJ10: =IF(AD10,IF(GPU_MAX=GPU_MIN,1,(M10-GPU_MIN)/(GPU_MAX-GPU_MIN)),"") | AK10: =IF(AD10,IF(SCREEN_MAX=SCREEN_MIN,1,(N10-SCREEN_MIN)/(SCREEN_MAX-SCREEN_MIN)),"") | AL10: =IF(AD10,IF(WEIGHT_MAX=WEIGHT_MIN,1,(WEIGHT_MAX-P10)/(WEIGHT_MAX-WEIGHT_MIN)),"") | AM10: =IF(AD10,IF(BATTERY_MAX=BATTERY_MIN,1,(AE10-BATTERY_MIN)/(BATTERY_MAX-BATTERY_MIN)),"") | AN10: =IF(AD10,IF(DURABILITY_MAX=DURABILITY_MIN,1,(AF10-DURABILITY_MIN)/(DURABILITY_MAX-DURABILITY_MIN)),"") | AO10: =IF(AD10,IF(UPGRADE_MAX=UPGRADE_MIN,1,(AG10-UPGRADE_MIN)/(UPGRADE_MAX-UPGRADE_MIN)),"") | AP10: =IF(AD10,W_CPU*AH10+W_RAM*AI10+W_GPU*AJ10+W_SCREEN*AK10+W_WEIGHT*AL10+W_BATTERY*AM10+W_DURABILITY*AN10+W_UPGRADE*AO10,"" ) | AQ10: =IF(AP10="","",AP10+ROW()*0.000000001)
A11: 10 | B11: Acer | C11: Acer Swift 3 (Ultrabook) | D11: Swift 3 | E11: Ultrabook | G11: New | H11: 20790000 | I11: 256 | J11: 0 | K11: 8 | L11: 5.2 | M11: 3.8 | N11: 6.4 | O11: 14 | P11: 1.6 | U11: Intel | V11: Core i5 8250U | W11: 1.6 | X11: Intel | Y11: UHD Graphics 620 | Z11: 256GB SSD | AA11: IPS Panel Full HD 1920x1080 | AB11: Windows 10 | AC11: 770 | AD11: =AND( H11>=Filters!$B$3, H11<=Filters!$B$4, I11>=Filters!$B$5, OR(Filters!$B$6="All",B11=Filters!$B$6), F11>=Filters!$B$7, F11<=Filters!$B$8, OR(Filters!$B$9="All",G11=Filters!$B$9) ) -> TRUE | AE11: =IF(Q11="",6,Q11) -> 6 | AF11: =IF(R11="",7,R11) -> 7 | AG11: =IF(S11="",7,S11) -> 7 | AH11: =IF(AD11,IF(CPU_MAX=CPU_MIN,1,(L11-CPU_MIN)/(CPU_MAX-CPU_MIN)),"") -> 0.47619048 | AI11: =IF(AD11,IF(RAM_MAX=RAM_MIN,1,(K11-RAM_MIN)/(RAM_MAX-RAM_MIN)),"") -> 0.80952381 | AJ11: =IF(AD11,IF(GPU_MAX=GPU_MIN,1,(M11-GPU_MIN)/(GPU_MAX-GPU_MIN)),"") -> 0.30952381 | AK11: =IF(AD11,IF(SCREEN_MAX=SCREEN_MIN,1,(N11-SCREEN_MIN)/(SCREEN_MAX-SCREEN_MIN)),"") -> 0.61904762 | AL11: =IF(AD11,IF(WEIGHT_MAX=WEIGHT_MIN,1,(WEIGHT_MAX-P11)/(WEIGHT_MAX-WEIGHT_MIN)),"") -> 0.95238095 | AM11: =IF(AD11,IF(BATTERY_MAX=BATTERY_MIN,1,(AE11-BATTERY_MIN)/(BATTERY_MAX-BATTERY_MIN)),"") -> 0.57142857 | AN11: =IF(AD11,IF(DURABILITY_MAX=DURABILITY_MIN,1,(AF11-DURABILITY_MIN)/(DURABILITY_MAX-DURABILITY_MIN)),"") -> 0.69047619 | AO11: =IF(AD11,IF(UPGRADE_MAX=UPGRADE_MIN,1,(AG11-UPGRADE_MIN)/(UPGRADE_MAX-UPGRADE_MIN)),"") -> 0.69047619 | AP11: =IF(AD11,W_CPU*AH11+W_RAM*AI11+W_GPU*AJ11+W_SCREEN*AK11+W_WEIGHT*AL11+W_BATTERY*AM11+W_DURABILITY*AN11+W_UPGRADE*AO11,"" ) -> 0.63302952 | AQ11: =IF(AP11="","",AP11+ROW()*0.000000001) -> 0.63302953
A12: 11 | B12: HP | C12: HP 250 G6 (Notebook) | D12: 250 G6 | E12: Notebook | G12: New | H12: 10635300 | I12: 0 | J12: 500 | K12: 4 | L12: 7 | M12: 3.5 | N12: 3.92 | O12: 15.6 | P12: 1.86 | U12: Intel | V12: Core i5 7200U | W12: 2.5 | X12: Intel | Y12: HD Graphics 620 | Z12: 500GB HDD | AA12: 1366x768 | AB12: No OS | AC12: 393.9 | AD12: =AND( H12>=Filters!$B$3, H12<=Filters!$B$4, I12>=Filters!$B$5, OR(Filters!$B$6="All",B12=Filters!$B$6), F12>=Filters!$B$7, F12<=Filters!$B$8, OR(Filters!$B$9="All",G12=Filters!$B$9) ) -> FALSE | AE12: =IF(Q12="",6,Q12) -> 6 | AF12: =IF(R12="",7,R12) -> 7 | AG12: =IF(S12="",7,S12) -> 7 | AH12: =IF(AD12,IF(CPU_MAX=CPU_MIN,1,(L12-CPU_MIN)/(CPU_MAX-CPU_MIN)),"") | AI12: =IF(AD12,IF(RAM_MAX=RAM_MIN,1,(K12-RAM_MIN)/(RAM_MAX-RAM_MIN)),"") | AJ12: =IF(AD12,IF(GPU_MAX=GPU_MIN,1,(M12-GPU_MIN)/(GPU_MAX-GPU_MIN)),"") | AK12: =IF(AD12,IF(SCREEN_MAX=SCREEN_MIN,1,(N12-SCREEN_MIN)/(SCREEN_MAX-SCREEN_MIN)),"") | AL12: =IF(AD12,IF(WEIGHT_MAX=WEIGHT_MIN,1,(WEIGHT_MAX-P12)/(WEIGHT_MAX-WEIGHT_MIN)),"") | AM12: =IF(AD12,IF(BATTERY_MAX=BATTERY_MIN,1,(AE12-BATTERY_MIN)/(BATTERY_MAX-BATTERY_MIN)),"") | AN12: =IF(AD12,IF(DURABILITY_MAX=DURABILITY_MIN,1,(AF12-DURABILITY_MIN)/(DURABILITY_MAX-DURABILITY_MIN)),"") | AO12: =IF(AD12,IF(UPGRADE_MAX=UPGRADE_MIN,1,(AG12-UPGRADE_MIN)/(UPGRADE_MAX-UPGRADE_MIN)),"") | AP12: =IF(AD12,W_CPU*AH12+W_RAM*AI12+W_GPU*AJ12+W_SCREEN*AK12+W_WEIGHT*AL12+W_BATTERY*AM12+W_DURABILITY*AN12+W_UPGRADE*AO12,"" ) | AQ12: =IF(AP12="","",AP12+ROW()*0.000000001)
A13: 12 | B13: HP | C13: HP 250 G6 (Notebook) | D13: 250 G6 | E13: Notebook | G13: New | H13: 9314730 | I13: 0 | J13: 500 | K13: 4 | L13: 4 | M13: 3.5 | N13: 5.92 | O13: 15.6 | P13: 1.86 | U13: Intel | V13: Core i3 6006U | W13: 2 | X13: Intel | Y13: HD Graphics 520 | Z13: 500GB HDD | AA13: Full HD 1920x1080 | AB13: No OS | AC13: 344.99 | AD13: =AND( H13>=Filters!$B$3, H13<=Filters!$B$4, I13>=Filters!$B$5, OR(Filters!$B$6="All",B13=Filters!$B$6), F13>=Filters!$B$7, F13<=Filters!$B$8, OR(Filters!$B$9="All",G13=Filters!$B$9) ) -> FALSE | AE13: =IF(Q13="",6,Q13) -> 6 | AF13: =IF(R13="",7,R13) -> 7 | AG13: =IF(S13="",7,S13) -> 7 | AH13: =IF(AD13,IF(CPU_MAX=CPU_MIN,1,(L13-CPU_MIN)/(CPU_MAX-CPU_MIN)),"") | AI13: =IF(AD13,IF(RAM_MAX=RAM_MIN,1,(K13-RAM_MIN)/(RAM_MAX-RAM_MIN)),"") | AJ13: =IF(AD13,IF(GPU_MAX=GPU_MIN,1,(M13-GPU_MIN)/(GPU_MAX-GPU_MIN)),"") | AK13: =IF(AD13,IF(SCREEN_MAX=SCREEN_MIN,1,(N13-SCREEN_MIN)/(SCREEN_MAX-SCREEN_MIN)),"") | AL13: =IF(AD13,IF(WEIGHT_MAX=WEIGHT_MIN,1,(WEIGHT_MAX-P13)/(WEIGHT_MAX-WEIGHT_MIN)),"") | AM13: =IF(AD13,IF(BATTERY_MAX=BATTERY_MIN,1,(AE13-BATTERY_MIN)/(BATTERY_MAX-BATTERY_MIN)),"") | AN13: =IF(AD13,IF(DURABILITY_MAX=DURABILITY_MIN,1,(AF13-DURABILITY_MIN)/(DURABILITY_MAX-DURABILITY_MIN)),"") | AO13: =IF(AD13,IF(UPGRADE_MAX=UPGRADE_MIN,1,(AG13-UPGRADE_MIN)/(UPGRADE_MAX-UPGRADE_MIN)),"") | AP13: =IF(AD13,W_CPU*AH13+W_RAM*AI13+W_GPU*AJ13+W_SCREEN*AK13+W_WEIGHT*AL13+W_BATTERY*AM13+W_DURABILITY*AN13+W_UPGRADE*AO13,"" ) | AQ13: =IF(AP13="","",AP13+ROW()*0.000000001)
... A1276: 1275 | B1276: Asus | C1276: Asus X553SA-XX031T (N3050/4GB/500GB/W10) (Notebook) | D1276: X553SA-XX031T (N3050/4GB/500GB/W10) | E1276: Notebook | G1276: New | H1276: 9963000 | I1276: 0 | J1276: 500 | K1276: 4 | L1276: 1.2 | M1276: 3.5 | N1276: 3.92 | O1276: 15.6 | P1276: 2.2 | U1276: Intel | V1276: Celeron Dual Core N3050 | W1276: 1.6 | X1276: Intel | Y1276: HD Graphics | Z1276: 500GB HDD | AA1276: 1366x768 | AB1276: Windows 10 | AC1276: 369 | AD1276: =AND( H1276>=Filters!$B$3, H1276<=Filters!$B$4, I1276>=Filters!$B$5, OR(Filters!$B$6="All",B1276=Filters!$B$6), F1276>=Filters!$B$7, F1276<=Filters!$B$8, OR(Filters!$B$9="All",G1276=Filters!$B$9) ) -> FALSE | AE1276: =IF(Q1276="",6,Q1276) -> 6 | AF1276: =IF(R1276="",7,R1276) -> 7 | AG1276: =IF(S1276="",7,S1276) -> 7 | AH1276: =IF(AD1276,IF(CPU_MAX=CPU_MIN,1,(L1276-CPU_MIN)/(CPU_MAX-CPU_MIN)),"") | AI1276: =IF(AD1276,IF(RAM_MAX=RAM_MIN,1,(K1276-RAM_MIN)/(RAM_MAX-RAM_MIN)),"") | AJ1276: =IF(AD1276,IF(GPU_MAX=GPU_MIN,1,(M1276-GPU_MIN)/(GPU_MAX-GPU_MIN)),"") | AK1276: =IF(AD1276,IF(SCREEN_MAX=SCREEN_MIN,1,(N1276-SCREEN_MIN)/(SCREEN_MAX-SCREEN_MIN)),"") | AL1276: =IF(AD1276,IF(WEIGHT_MAX=WEIGHT_MIN,1,(WEIGHT_MAX-P1276)/(WEIGHT_MAX-WEIGHT_MIN)),"") | AM1276: =IF(AD1276,IF(BATTERY_MAX=BATTERY_MIN,1,(AE1276-BATTERY_MIN)/(BATTERY_MAX-BATTERY_MIN)),"") | AN1276: =IF(AD1276,IF(DURABILITY_MAX=DURABILITY_MIN,1,(AF1276-DURABILITY_MIN)/(DURABILITY_MAX-DURABILITY_MIN)),"") | AO1276: =IF(AD1276,IF(UPGRADE_MAX=UPGRADE_MIN,1,(AG1276-UPGRADE_MIN)/(UPGRADE_MAX-UPGRADE_MIN)),"") | AP1276: =IF(AD1276,W_CPU*AH1276+W_RAM*AI1276+W_GPU*AJ1276+W_SCREEN*AK1276+W_WEIGHT*AL1276+W_BATTERY*AM1276+W_DURABILITY*AN1276+W_UPGRADE*AO1276,"" ) | AQ1276: =IF(AP1276="","",AP1276+ROW()*0.000000001)

Sheet AHP_Setup
A1: Thiết lập AHP (8 tiêu chí)
B2: C1 | C2: C2 | D2: C3 | E2: C4 | F2: C5 | G2: C6 | H2: C7 | I2: C8
A3: Tiêu chí | B3: CPU | C3: RAM | D3: GPU | E3: Màn hình | F3: Trọng lượng | G3: Pin | H3: Độ bền | I3: Nâng cấp (SSD/RAM) | J3: GM | K3: Weight | L3: A*w | M3: λ_i
A4: CPU | B4: 1 | C4: 1 | D4: 3 | E4: 3 | F4: 4 | G4: 2 | H4: 2 | I4: 1 | J4: =POWER(PRODUCT(B4:I4),1/8) -> 1.8612097 | K4: =J4/SUM($J$4:$J$11) -> 0.20888796 | L4: =B4*$K$4 +C4*$K$5 +D4*$K$6 +E4*$K$7 +F4*$K$8 +G4*$K$9 +H4*$K$10 +I4*$K$11 -> 1.6914929 | M4: =L4/K4 -> 8.0976087
A5: RAM | B5: =IF(C4="", "", 1/C4) -> 1 | C5: 1 | D5: 3 | E5: 2 | F5: 4 | G5: 1 | H5: 2 | I5: 1 | J5: =POWER(PRODUCT(B5:I5),1/8) -> 1.6223896 | K5: =J5/SUM($J$4:$J$11) -> 0.18208461 | L5: =B5*$K$4 +C5*$K$5 +D5*$K$6 +E5*$K$7 +F5*$K$8 +G5*$K$9 +H5*$K$10 +I5*$K$11 -> 1.4688205 | M5: =L5/K5 -> 8.0666921
A6: GPU | B6: =IF(D4="", "", 1/D4) -> 0.33333333 | C6: =IF(D5="", "", 1/D5) -> 0.33333333 | D6: 1 | E6: 1 | F6: 1 | G6: 0.5 | H6: 0.5 | I6: 0.5 | J6: =POWER(PRODUCT(B6:I6),1/8) -> 0.58591341 | K6: =J6/SUM($J$4:$J$11) -> 0.065758444 | L6: =B6*$K$4 +C6*$K$5 +D6*$K$6 +E6*$K$7 +F6*$K$8 +G6*$K$9 +H6*$K$10 +I6*$K$11 -> 0.53420348 | M6: =L6/K6 -> 8.1237244
A7: Màn hình | B7: =IF(E4="", "", 1/E4) -> 0.33333333 | C7: =IF(E5="", "", 1/E5) -> 0.5 | D7: =IF(E6="", "", 1/E6) -> 1 | E7: 1 | F7: 2 | G7: 0.5 | H7: 1 | I7: 0.5 | J7: =POWER(PRODUCT(B7:I7),1/8) -> 0.73299725 | K7: =J7/SUM($J$4:$J$11) -> 0.08226601 | L7: =B7*$K$4 +C7*$K$5 +D7*$K$6 +E7*$K$7 +F7*$K$8 +G7*$K$9 +H7*$K$10 +I7*$K$11 -> 0.66671637 | M7: =L7/K7 -> 8.1043965
A8: Trọng lượng | B8: =IF(F4="", "", 1/F4) -> 0.25 | C8: =IF(F5="", "", 1/F5) -> 0.25 | D8: =IF(F6="", "", 1/F6) -> 1 | E8: =IF(F7="", "", 1/F7) -> 0.5 | F8: 1 | G8: 0.33333333 | H8: 0.5 | I8: 0.33333333 | J8: =POWER(PRODUCT(B8:I8),1/8) -> 0.451801 | K8: =J8/SUM($J$4:$J$11) -> 0.050706692 | L8: =B8*$K$4 +C8*$K$5 +D8*$K$6 +E8*$K$7 +F8*$K$8 +G8*$K$9 +H8*$K$10 +I8*$K$11 -> 0.40925963 | M8: =L8/K8 -> 8.0711167
A9: Pin | B9: =IF(G4="", "", 1/G4) -> 0.5 | C9: =IF(G5="", "", 1/G5) -> 1 | D9: =IF(G6="", "", 1/G6) -> 2 | E9: =IF(G7="", "", 1/G7) -> 2 | F9: =IF(G8="", "", 1/G8) -> 3 | G9: 1 | H9: 1 | I9: 1 | J9: =POWER(PRODUCT(B9:I9),1/8) -> 1.2510334 | K9: =J9/SUM($J$4:$J$11) -> 0.14040643 | L9: =B9*$K$4 +C9*$K$5 +D9*$K$6 +E9*$K$7 +F9*$K$8 +G9*$K$9 +H9*$K$10 +I9*$K$11 -> 1.1449939 | M9: =L9/K9 -> 8.1548534
A10: Độ bền | B10: =IF(H4="", "", 1/H4) -> 0.5 | C10: =IF(H5="", "", 1/H5) -> 0.5 | D10: =IF(H6="", "", 1/H6) -> 2 | E10: =IF(H7="", "", 1/H7) -> 1 | F10: =IF(H8="", "", 1/H8) -> 2 | G10: =IF(H9="", "", 1/H9) -> 1 | H10: 1 | I10: 0.5 | J10: =POWER(PRODUCT(B10:I10),1/8) -> 0.91700404 | K10: =J10/SUM($J$4:$J$11) -> 0.10291753 | L10: =B10*$K$4 +C10*$K$5 +D10*$K$6 +E10*$K$7 +F10*$K$8 +G10*$K$9 +H10*$K$10 +I10*$K$11 -> 0.83749269 | M10: =L10/K10 -> 8.1375128
A11: Nâng cấp (SSD/RAM) | B11: =IF(I4="", "", 1/I4) -> 1 | C11: =IF(I5="", "", 1/I5) -> 1 | D11: =IF(I6="", "", 1/I6) -> 2 | E11: =IF(I7="", "", 1/I7) -> 2 | F11: =IF(I8="", "", 1/I8) -> 3 | G11: =IF(I9="", "", 1/I9) -> 1 | H11: =IF(I10="", "", 1/I10) -> 2 | I11: 1 | J11: =POWER(PRODUCT(B11:I11),1/8) -> 1.4877378 | K11: =J11/SUM($J$4:$J$11) -> 0.16697233 | L11: =B11*$K$4 +C11*$K$5 +D11*$K$6 +E11*$K$7 +F11*$K$8 +G11*$K$9 +H11*$K$10 +I11*$K$11 -> 1.3523554 | M11: =L11/K11 -> 8.0992785
A13: Kiểm tra nhất quán
A14: λ_max | B14: =AVERAGE(M4:M11) -> 8.1068979
A15: CI | B15: =(B14-8)/(8-1) -> 0.015271128
A16: RI (n=8) | B16: 1.41
A17: CR | B17: =IF(B16=0,0,B15/B16) -> 0.010830587
G21: STT | H21: Tiêu chí | I21: Ký hiệu | J21: Trọng số tiêu chuẩn (w*) | K21: Trọng số AHP | L21: So sánh
G22: 1 | H22: CPU | I22: C1 | J22: 0.15 | K22: =AHP_Setup!K4 -> 0.20888796 | L22: =IF(ABS(J22-K22)<=0.01,"≈",IF(J22>K22,"↓","↑")) -> ↑
G23: 2 | H23: RAM | I23: C2 | J23: 0.15 | K23: =AHP_Setup!K5 -> 0.18208461 | L23: =IF(ABS(J23-K23)<=0.01,"≈",IF(J23>K23,"↓","↑")) -> ↑
G24: 3 | H24: GPU | I24: C3 | J24: 0.1 | K24: =AHP_Setup!K6 -> 0.065758444 | L24: =IF(ABS(J24-K24)<=0.01,"≈",IF(J24>K24,"↓","↑")) -> ↓
G25: 4 | H25: Màn hình | I25: C4 | J25: 0.1 | K25: =AHP_Setup!K7 -> 0.08226601 | L25: =IF(ABS(J25-K25)<=0.01,"≈",IF(J25>K25,"↓","↑")) -> ↓
G26: 5 | H26: Trọng lượng | I26: C5 | J26: 0.1 | K26: =AHP_Setup!K8 -> 0.050706692 | L26: =IF(ABS(J26-K26)<=0.01,"≈",IF(J26>K26,"↓","↑")) -> ↓
G27: 6 | H27: Pin | I27: C6 | J27: 0.15 | K27: =AHP_Setup!K9 -> 0.14040643 | L27: =IF(ABS(J27-K27)<=0.01,"≈",IF(J27>K27,"↓","↑")) -> ≈
G28: 7 | H28: Độ bền | I28: C7 | J28: 0.1 | K28: =AHP_Setup!K10 -> 0.10291753 | L28: =IF(ABS(J28-K28)<=0.01,"≈",IF(J28>K28,"↓","↑")) -> ≈
G29: 8 | H29: Khả năng nâng cấp (SSD/RAM) | I29: C8 | J29: 0.15 | K29: =AHP_Setup!K11 -> 0.16697233 | L29: =IF(ABS(J29-K29)<=0.01,"≈",IF(J29>K29,"↓","↑")) -> ↑
H30: Tổng | J30: =J22+J23+J24+J25+J26+J27+J28+J29 -> 1 | K30: =K22+K23+K24+K25+K26+K27+K28+K29 -> 1

Sheet AI_Suggestions
A1: AI_Suggestions (mô phỏng) – gợi ý trọng số nhanh
A3: Trả lời 1–5 (1 = không quan trọng, 5 = rất quan trọng)
D4: Tiêu chí | E4: Điểm thô | F4: Weight gợi ý | H4: Gợi ý so sánh cặp (upper triangle, Saaty 1–9)
A5: Chơi game / đồ hoạ nặng | B5: 3 | D5: CPU | E5: =0.6*$B$6+0.4*$B$5 -> 3.6 | F5: =E5/SUM($E$5:$E$12) -> 0.12371134 | I5: CPU | J5: RAM | K5: GPU | L5: Màn hình | M5: Trọng lượng | N5: Pin | O5: Độ bền | P5: Nâng cấp (SSD/RAM)
A6: Lập trình / chạy nhiều tab / IDE | B6: 4 | D6: RAM | E6: =0.7*$B$6+0.3*$B$5 -> 3.7 | F6: =E6/SUM($E$5:$E$12) -> 0.12714777 | H6: CPU | I6: 1 | J6: =IF($F$5/$F$6>=1,MAX(1,MIN(9,ROUND($F$5/$F$6,0))),1/MAX(1,MIN(9,ROUND($F$6/$F$5,0)))) -> 1 | K6: =IF($F$5/$F$7>=1,MAX(1,MIN(9,ROUND($F$5/$F$7,0))),1/MAX(1,MIN(9,ROUND($F$7/$F$5,0)))) -> 1 | L6: =IF($F$5/$F$8>=1,MAX(1,MIN(9,ROUND($F$5/$F$8,0))),1/MAX(1,MIN(9,ROUND($F$8/$F$5,0)))) -> 1 | M6: =IF($F$5/$F$9>=1,MAX(1,MIN(9,ROUND($F$5/$F$9,0))),1/MAX(1,MIN(9,ROUND($F$9/$F$5,0)))) -> 1 | N6: =IF($F$5/$F$10>=1,MAX(1,MIN(9,ROUND($F$5/$F$10,0))),1/MAX(1,MIN(9,ROUND($F$10/$F$5,0)))) -> 1 | O6: =IF($F$5/$F$11>=1,MAX(1,MIN(9,ROUND($F$5/$F$11,0))),1/MAX(1,MIN(9,ROUND($F$11/$F$5,0)))) -> 1 | P6: =IF($F$5/$F$12>=1,MAX(1,MIN(9,ROUND($F$5/$F$12,0))),1/MAX(1,MIN(9,ROUND($F$12/$F$5,0)))) -> 1
A7: Di chuyển nhiều (cần nhẹ) | B7: 4 | D7: GPU | E7: =0.8*$B$5+0.2*$B$6 -> 3.2 | F7: =E7/SUM($E$5:$E$12) -> 0.10996564 | H7: RAM | I7: =1/J6 -> 1 | J7: 1 | K7: =IF($F$6/$F$7>=1,MAX(1,MIN(9,ROUND($F$6/$F$7,0))),1/MAX(1,MIN(9,ROUND($F$7/$F$6,0)))) -> 1 | L7: =IF($F$6/$F$8>=1,MAX(1,MIN(9,ROUND($F$6/$F$8,0))),1/MAX(1,MIN(9,ROUND($F$8/$F$6,0)))) -> 1 | M7: =IF($F$6/$F$9>=1,MAX(1,MIN(9,ROUND($F$6/$F$9,0))),1/MAX(1,MIN(9,ROUND($F$9/$F$6,0)))) -> 1 | N7: =IF($F$6/$F$10>=1,MAX(1,MIN(9,ROUND($F$6/$F$10,0))),1/MAX(1,MIN(9,ROUND($F$10/$F$6,0)))) -> 1 | O7: =IF($F$6/$F$11>=1,MAX(1,MIN(9,ROUND($F$6/$F$11,0))),1/MAX(1,MIN(9,ROUND($F$11/$F$6,0)))) -> 1 | P7: =IF($F$6/$F$12>=1,MAX(1,MIN(9,ROUND($F$6/$F$12,0))),1/MAX(1,MIN(9,ROUND($F$12/$F$6,0)))) -> 1
A8: Cần pin lâu | B8: 4 | D8: Màn hình | E8: =0.9*$B$11+0.1*$B$5 -> 3 | F8: =E8/SUM($E$5:$E$12) -> 0.10309278 | H8: GPU | I8: =1/K6 -> 1 | J8: =1/K7 -> 1 | K8: 1 | L8: =IF($F$7/$F$8>=1,MAX(1,MIN(9,ROUND($F$7/$F$8,0))),1/MAX(1,MIN(9,ROUND($F$8/$F$7,0)))) -> 1 | M8: =IF($F$7/$F$9>=1,MAX(1,MIN(9,ROUND($F$7/$F$9,0))),1/MAX(1,MIN(9,ROUND($F$9/$F$7,0)))) -> 1 | N8: =IF($F$7/$F$10>=1,MAX(1,MIN(9,ROUND($F$7/$F$10,0))),1/MAX(1,MIN(9,ROUND($F$10/$F$7,0)))) -> 0.5 | O8: =IF($F$7/$F$11>=1,MAX(1,MIN(9,ROUND($F$7/$F$11,0))),1/MAX(1,MIN(9,ROUND($F$11/$F$7,0)))) -> 1 | P8: =IF($F$7/$F$12>=1,MAX(1,MIN(9,ROUND($F$7/$F$12,0))),1/MAX(1,MIN(9,ROUND($F$12/$F$7,0)))) -> 1
A9: Ưu tiên độ bền | B9: 3 | D9: Trọng lượng | E9: =1*$B$7 -> 4 | F9: =E9/SUM($E$5:$E$12) -> 0.13745704 | H9: Màn hình | I9: =1/L6 -> 1 | J9: =1/L7 -> 1 | K9: =1/L8 -> 1 | L9: 1 | M9: =IF($F$8/$F$9>=1,MAX(1,MIN(9,ROUND($F$8/$F$9,0))),1/MAX(1,MIN(9,ROUND($F$9/$F$8,0)))) -> 1 | N9: =IF($F$8/$F$10>=1,MAX(1,MIN(9,ROUND($F$8/$F$10,0))),1/MAX(1,MIN(9,ROUND($F$10/$F$8,0)))) -> 0.5 | O9: =IF($F$8/$F$11>=1,MAX(1,MIN(9,ROUND($F$8/$F$11,0))),1/MAX(1,MIN(9,ROUND($F$11/$F$8,0)))) -> 1 | P9: =IF($F$8/$F$12>=1,MAX(1,MIN(9,ROUND($F$8/$F$12,0))),1/MAX(1,MIN(9,ROUND($F$12/$F$8,0)))) -> 1
A10: Muốn nâng cấp về sau | B10: 3 | D10: Pin | E10: =1*$B$8+0.2*$B$7 -> 4.8 | F10: =E10/SUM($E$5:$E$12) -> 0.16494845 | H10: Trọng lượng | I10: =1/M6 -> 1 | J10: =1/M7 -> 1 | K10: =1/M8 -> 1 | L10: =1/M9 -> 1 | M10: 1 | N10: =IF($F$9/$F$10>=1,MAX(1,MIN(9,ROUND($F$9/$F$10,0))),1/MAX(1,MIN(9,ROUND($F$10/$F$9,0)))) -> 1 | O10: =IF($F$9/$F$11>=1,MAX(1,MIN(9,ROUND($F$9/$F$11,0))),1/MAX(1,MIN(9,ROUND($F$11/$F$9,0)))) -> 1 | P10: =IF($F$9/$F$12>=1,MAX(1,MIN(9,ROUND($F$9/$F$12,0))),1/MAX(1,MIN(9,ROUND($F$12/$F$9,0)))) -> 1
A11: Ưu tiên màn hình đẹp | B11: 3 | D11: Độ bền | E11: =1*$B$9 -> 3 | F11: =E11/SUM($E$5:$E$12) -> 0.10309278 | H11: Pin | I11: =1/N6 -> 1 | J11: =1/N7 -> 1 | K11: =1/N8 -> 2 | L11: =1/N9 -> 2 | M11: =1/N10 -> 1 | N11: 1 | O11: =IF($F$10/$F$11>=1,MAX(1,MIN(9,ROUND($F$10/$F$11,0))),1/MAX(1,MIN(9,ROUND($F$11/$F$10,0)))) -> 2 | P11: =IF($F$10/$F$12>=1,MAX(1,MIN(9,ROUND($F$10/$F$12,0))),1/MAX(1,MIN(9,ROUND($F$12/$F$10,0)))) -> 1
D12: Nâng cấp (SSD/RAM) | E12: =1*$B$10+0.2*$B$6 -> 3.8 | F12: =E12/SUM($E$5:$E$12) -> 0.13058419 | H12: Độ bền | I12: =1/O6 -> 1 | J12: =1/O7 -> 1 | K12: =1/O8 -> 1 | L12: =1/O9 -> 1 | M12: =1/O10 -> 1 | N12: =1/O11 -> 0.5 | O12: 1 | P12: =IF($F$11/$F$12>=1,MAX(1,MIN(9,ROUND($F$11/$F$12,0))),1/MAX(1,MIN(9,ROUND($F$12/$F$11,0)))) -> 1
H13: Nâng cấp (SSD/RAM) | I13: =1/P6 -> 1 | J13: =1/P7 -> 1 | K13: =1/P8 -> 1 | L13: =1/P9 -> 1 | M13: =1/P10 -> 1 | N13: =1/P11 -> 1 | O13: =1/P12 -> 1 | P13: 1

Sheet Ranking
A1: Ranking (theo AHP + bộ lọc)
A3: Trọng số AHP (từ AHP_Setup) | D3: Min/Max theo tập laptop đã lọc
A4: Tiêu chí | B4: Weight | D4: Tiêu chí | E4: Min | F4: Max
A5: CPU | B5: =AHP_Setup!K4 -> 0.20888796 | D5: CPU | E5: =_xlfn.AGGREGATE(15,6,Laptop_Data!L$2:L$1299/(Laptop_Data!AD$2:AD$1299=TRUE),1) -> 1.2 | F5: =_xlfn.AGGREGATE(14,6,Laptop_Data!L$2:L$1299/(Laptop_Data!AD$2:AD$1299=TRUE),1) -> 9.6
A6: RAM | B6: =AHP_Setup!K5 -> 0.18208461 | D6: RAM | E6: =_xlfn.AGGREGATE(15,6,Laptop_Data!L$2:L$1299/(Laptop_Data!AD$2:AD$1299=TRUE),1) -> 1.2 | F6: =_xlfn.AGGREGATE(14,6,Laptop_Data!L$2:L$1299/(Laptop_Data!AD$2:AD$1299=TRUE),1) -> 9.6
A7: GPU | B7: =AHP_Setup!K6 -> 0.065758444 | D7: GPU | E7: =_xlfn.AGGREGATE(15,6,Laptop_Data!L$2:L$1299/(Laptop_Data!AD$2:AD$1299=TRUE),1) -> 1.2 | F7: =_xlfn.AGGREGATE(14,6,Laptop_Data!L$2:L$1299/(Laptop_Data!AD$2:AD$1299=TRUE),1) -> 9.6
A8: Màn hình | B8: =AHP_Setup!K7 -> 0.08226601 | D8: Màn hình | E8: =_xlfn.AGGREGATE(15,6,Laptop_Data!L$2:L$1299/(Laptop_Data!AD$2:AD$1299=TRUE),1) -> 1.2 | F8: =_xlfn.AGGREGATE(14,6,Laptop_Data!L$2:L$1299/(Laptop_Data!AD$2:AD$1299=TRUE),1) -> 9.6
A9: Trọng lượng | B9: =AHP_Setup!K8 -> 0.050706692 | D9: Trọng lượng | E9: =_xlfn.AGGREGATE(15,6,Laptop_Data!L$2:L$1299/(Laptop_Data!AD$2:AD$1299=TRUE),1) -> 1.2 | F9: =_xlfn.AGGREGATE(14,6,Laptop_Data!L$2:L$1299/(Laptop_Data!AD$2:AD$1299=TRUE),1) -> 9.6
A10: Pin | B10: =AHP_Setup!K9 -> 0.14040643 | D10: Pin | E10: =_xlfn.AGGREGATE(15,6,Laptop_Data!L$2:L$1299/(Laptop_Data!AD$2:AD$1299=TRUE),1) -> 1.2 | F10: =_xlfn.AGGREGATE(14,6,Laptop_Data!L$2:L$1299/(Laptop_Data!AD$2:AD$1299=TRUE),1) -> 9.6
A11: Độ bền | B11: =AHP_Setup!K10 -> 0.10291753 | D11: Độ bền | E11: =_xlfn.AGGREGATE(15,6,Laptop_Data!L$2:L$1299/(Laptop_Data!AD$2:AD$1299=TRUE),1) -> 1.2 | F11: =_xlfn.AGGREGATE(14,6,Laptop_Data!L$2:L$1299/(Laptop_Data!AD$2:AD$1299=TRUE),1) -> 9.6
A12: Nâng cấp (SSD/RAM) | B12: =AHP_Setup!K11 -> 0.16697233 | D12: Nâng cấp (SSD/RAM) | E12: =_xlfn.AGGREGATE(15,6,Laptop_Data!L$2:L$1299/(Laptop_Data!AD$2:AD$1299=TRUE),1) -> 1.2 | F12: =_xlfn.AGGREGATE(14,6,Laptop_Data!L$2:L$1299/(Laptop_Data!AD$2:AD$1299=TRUE),1) -> 9.6
A15: Top 20 laptop
A16: Rank | B16: Laptop | C16: Price (VND) | D16: SSD (GB) | E16: RAM (GB) | F16: Weight (kg) | G16: AHP Score
A17: 1 | B17: =IFERROR(INDEX(Laptop_Data!$C$2:$C$1299,MATCH(LARGE(Laptop_Data!$AQ$2:$AQ$1299,1),Laptop_Data!$AQ$2:$AQ$1299,0)),"") -> Dell Inspiron 5567 (Notebook) | C17: =IFERROR(INDEX(Laptop_Data!$H$2:$H$1299,MATCH(LARGE(Laptop_Data!$AQ$2:$AQ$1299,1),Laptop_Data!$AQ$2:$AQ$1299,0)),"") -> 24273000 | D17: =IFERROR(INDEX(Laptop_Data!$I$2:$I$1299,MATCH(LARGE(Laptop_Data!$AQ$2:$AQ$1299,1),Laptop_Data!$AQ$2:$AQ$1299,0)),"") -> 256 | E17: =IFERROR(INDEX(Laptop_Data!$K$2:$K$1299,MATCH(LARGE(Laptop_Data!$AQ$2:$AQ$1299,1),Laptop_Data!$AQ$2:$AQ$1299,0)),"") -> 16 | F17: =IFERROR(INDEX(Laptop_Data!$P$2:$P$1299,MATCH(LARGE(Laptop_Data!$AQ$2:$AQ$1299,1),Laptop_Data!$AQ$2:$AQ$1299,0)),"") -> 2.36 | G17: =IFERROR(INDEX(Laptop_Data!$AP$2:$AP$1299,MATCH(LARGE(Laptop_Data!$AQ$2:$AQ$1299,1),Laptop_Data!$AQ$2:$AQ$1299,0)),"") -> 0.92273539
A18: 2 | B18: =IFERROR(INDEX(Laptop_Data!$C$2:$C$1299,MATCH(LARGE(Laptop_Data!$AQ$2:$AQ$1299,2),Laptop_Data!$AQ$2:$AQ$1299,0)),"") -> Lenovo Legion Y520-15IKBN (Gaming) | C18: =IFERROR(INDEX(Laptop_Data!$H$2:$H$1299,MATCH(LARGE(Laptop_Data!$AQ$2:$AQ$1299,2),Laptop_Data!$AQ$2:$AQ$1299,0)),"") -> 23463000 | D18: =IFERROR(INDEX(Laptop_Data!$I$2:$I$1299,MATCH(LARGE(Laptop_Data!$AQ$2:$AQ$1299,2),Laptop_Data!$AQ$2:$AQ$1299,0)),"") -> 256 | E18: =IFERROR(INDEX(Laptop_Data!$K$2:$K$1299,MATCH(LARGE(Laptop_Data!$AQ$2:$AQ$1299,2),Laptop_Data!$AQ$2:$AQ$1299,0)),"") -> 8 | F18: =IFERROR(INDEX(Laptop_Data!$P$2:$P$1299,MATCH(LARGE(Laptop_Data!$AQ$2:$AQ$1299,2),Laptop_Data!$AQ$2:$AQ$1299,0)),"") -> 2.4 | G18: =IFERROR(INDEX(Laptop_Data!$AP$2:$AP$1299,MATCH(LARGE(Laptop_Data!$AQ$2:$AQ$1299,2),Laptop_Data!$AQ$2:$AQ$1299,0)),"") -> 0.77910761
A19: 3 | B19: =IFERROR(INDEX(Laptop_Data!$C$2:$C$1299,MATCH(LARGE(Laptop_Data!$AQ$2:$AQ$1299,3),Laptop_Data!$AQ$2:$AQ$1299,0)),"") -> Asus K556UR-DM621T (i7-7500U/8GB/256GB/GeForce (Notebook) | C19: =IFERROR(INDEX(Laptop_Data!$H$2:$H$1299,MATCH(LARGE(Laptop_Data!$AQ$2:$AQ$1299,3),Laptop_Data!$AQ$2:$AQ$1299,0)),"") -> 21249000 | D19: =IFERROR(INDEX(Laptop_Data!$I$2:$I$1299,MATCH(LARGE(Laptop_Data!$AQ$2:$AQ$1299,3),Laptop_Data!$AQ$2:$AQ$1299,0)),"") -> 256 | E19: =IFERROR(INDEX(Laptop_Data!$K$2:$K$1299,MATCH(LARGE(Laptop_Data!$AQ$2:$AQ$1299,3),Laptop_Data!$AQ$2:$AQ$1299,0)),"") -> 8 | F19: =IFERROR(INDEX(Laptop_Data!$P$2:$P$1299,MATCH(LARGE(Laptop_Data!$AQ$2:$AQ$1299,3),Laptop_Data!$AQ$2:$AQ$1299,0)),"") -> 2.3 | G19: =IFERROR(INDEX(Laptop_Data!$AP$2:$AP$1299,MATCH(LARGE(Laptop_Data!$AQ$2:$AQ$1299,3),Laptop_Data!$AQ$2:$AQ$1299,0)),"") -> 0.77473774
A20: 4 | B20: =IFERROR(INDEX(Laptop_Data!$C$2:$C$1299,MATCH(LARGE(Laptop_Data!$AQ$2:$AQ$1299,4),Laptop_Data!$AQ$2:$AQ$1299,0)),"") -> Acer Aspire 7 (Notebook) | C20: =IFERROR(INDEX(Laptop_Data!$H$2:$H$1299,MATCH(LARGE(Laptop_Data!$AQ$2:$AQ$1299,4),Laptop_Data!$AQ$2:$AQ$1299,0)),"") -> 23733000 | D20: =IFERROR(INDEX(Laptop_Data!$I$2:$I$1299,MATCH(LARGE(Laptop_Data!$AQ$2:$AQ$1299,4),Laptop_Data!$AQ$2:$AQ$1299,0)),"") -> 256 | E20: =IFERROR(INDEX(Laptop_Data!$K$2:$K$1299,MATCH(LARGE(Laptop_Data!$AQ$2:$AQ$1299,4),Laptop_Data!$AQ$2:$AQ$1299,0)),"") -> 8 | F20: =IFERROR(INDEX(Laptop_Data!$P$2:$P$1299,MATCH(LARGE(Laptop_Data!$AQ$2:$AQ$1299,4),Laptop_Data!$AQ$2:$AQ$1299,0)),"") -> 2.5 | G20: =IFERROR(INDEX(Laptop_Data!$AP$2:$AP$1299,MATCH(LARGE(Laptop_Data!$AQ$2:$AQ$1299,4),Laptop_Data!$AQ$2:$AQ$1299,0)),"") -> 0.77458653
A21: 5 | B21: =IFERROR(INDEX(Laptop_Data!$C$2:$C$1299,MATCH(LARGE(Laptop_Data!$AQ$2:$AQ$1299,5),Laptop_Data!$AQ$2:$AQ$1299,0)),"") -> Asus Rog GL552VW-DM201T (Gaming) | C21: =IFERROR(INDEX(Laptop_Data!$H$2:$H$1299,MATCH(LARGE(Laptop_Data!$AQ$2:$AQ$1299,5),Laptop_Data!$AQ$2:$AQ$1299,0)),"") -> 24543000 | D21: =IFERROR(INDEX(Laptop_Data!$I$2:$I$1299,MATCH(LARGE(Laptop_Data!$AQ$2:$AQ$1299,5),Laptop_Data!$AQ$2:$AQ$1299,0)),"") -> 256 | E21: =IFERROR(INDEX(Laptop_Data!$K$2:$K$1299,MATCH(LARGE(Laptop_Data!$AQ$2:$AQ$1299,5),Laptop_Data!$AQ$2:$AQ$1299,0)),"") -> 8 | F21: =IFERROR(INDEX(Laptop_Data!$P$2:$P$1299,MATCH(LARGE(Laptop_Data!$AQ$2:$AQ$1299,5),Laptop_Data!$AQ$2:$AQ$1299,0)),"") -> 2.591 | G21: =IFERROR(INDEX(Laptop_Data!$AP$2:$AP$1299,MATCH(LARGE(Laptop_Data!$AQ$2:$AQ$1299,5),Laptop_Data!$AQ$2:$AQ$1299,0)),"") -> 0.76800759
A22: 6 | B22: =IFERROR(INDEX(Laptop_Data!$C$2:$C$1299,MATCH(LARGE(Laptop_Data!$AQ$2:$AQ$1299,6),Laptop_Data!$AQ$2:$AQ$1299,0)),"") -> Lenovo IdeaPad 510s-14IKB (Notebook) | C22: =IFERROR(INDEX(Laptop_Data!$H$2:$H$1299,MATCH(LARGE(Laptop_Data!$AQ$2:$AQ$1299,6),Laptop_Data!$AQ$2:$AQ$1299,0)),"") -> 21573000 | D22: =IFERROR(INDEX(Laptop_Data!$I$2:$I$1299,MATCH(LARGE(Laptop_Data!$AQ$2:$AQ$1299,6),Laptop_Data!$AQ$2:$AQ$1299,0)),"") -> 512 | E22: =IFERROR(INDEX(Laptop_Data!$K$2:$K$1299,MATCH(LARGE(Laptop_Data!$AQ$2:$AQ$1299,6),Laptop_Data!$AQ$2:$AQ$1299,0)),"") -> 8 | F22: =IFERROR(INDEX(Laptop_Data!$P$2:$P$1299,MATCH(LARGE(Laptop_Data!$AQ$2:$AQ$1299,6),Laptop_Data!$AQ$2:$AQ$1299,0)),"") -> 1.5 | G22: =IFERROR(INDEX(Laptop_Data!$AP$2:$AP$1299,MATCH(LARGE(Laptop_Data!$AQ$2:$AQ$1299,6),Laptop_Data!$AQ$2:$AQ$1299,0)),"") -> 0.75921379
A23: 7 | B23: =IFERROR(INDEX(Laptop_Data!$C$2:$C$1299,MATCH(LARGE(Laptop_Data!$AQ$2:$AQ$1299,7),Laptop_Data!$AQ$2:$AQ$1299,0)),"") -> Lenovo Thinkpad E470 (Notebook) | C23: =IFERROR(INDEX(Laptop_Data!$H$2:$H$1299,MATCH(LARGE(Laptop_Data!$AQ$2:$AQ$1299,7),Laptop_Data!$AQ$2:$AQ$1299,0)),"") -> 23193000 | D23: =IFERROR(INDEX(Laptop_Data!$I$2:$I$1299,MATCH(LARGE(Laptop_Data!$AQ$2:$AQ$1299,7),Laptop_Data!$AQ$2:$AQ$1299,0)),"") -> 256 | E23: =IFERROR(INDEX(Laptop_Data!$K$2:$K$1299,MATCH(LARGE(Laptop_Data!$AQ$2:$AQ$1299,7),Laptop_Data!$AQ$2:$AQ$1299,0)),"") -> 8 | F23: =IFERROR(INDEX(Laptop_Data!$P$2:$P$1299,MATCH(LARGE(Laptop_Data!$AQ$2:$AQ$1299,7),Laptop_Data!$AQ$2:$AQ$1299,0)),"") -> 1.87 | G23: =IFERROR(INDEX(Laptop_Data!$AP$2:$AP$1299,MATCH(LARGE(Laptop_Data!$AQ$2:$AQ$1299,7),Laptop_Data!$AQ$2:$AQ$1299,0)),"") -> 0.75698028
A24: 8 | B24: =IFERROR(INDEX(Laptop_Data!$C$2:$C$1299,MATCH(LARGE(Laptop_Data!$AQ$2:$AQ$1299,8),Laptop_Data!$AQ$2:$AQ$1299,0)),"") -> HP 15-bs017nv (i7-7500U/8GB/256GB/Radeon (Notebook) | C24: =IFERROR(INDEX(Laptop_Data!$H$2:$H$1299,MATCH(LARGE(Laptop_Data!$AQ$2:$AQ$1299,8),Laptop_Data!$AQ$2:$AQ$1299,0)),"") -> 19413000 | D24: =IFERROR(INDEX(Laptop_Data!$I$2:$I$1299,MATCH(LARGE(Laptop_Data!$AQ$2:$AQ$1299,8),Laptop_Data!$AQ$2:$AQ$1299,0)),"") -> 256 | E24: =IFERROR(INDEX(Laptop_Data!$K$2:$K$1299,MATCH(LARGE(Laptop_Data!$AQ$2:$AQ$1299,8),Laptop_Data!$AQ$2:$AQ$1299,0)),"") -> 8 | F24: =IFERROR(INDEX(Laptop_Data!$P$2:$P$1299,MATCH(LARGE(Laptop_Data!$AQ$2:$AQ$1299,8),Laptop_Data!$AQ$2:$AQ$1299,0)),"") -> 1.91 | G24: =IFERROR(INDEX(Laptop_Data!$AP$2:$AP$1299,MATCH(LARGE(Laptop_Data!$AQ$2:$AQ$1299,8),Laptop_Data!$AQ$2:$AQ$1299,0)),"") -> 0.75203791
A25: 9 | B25: =IFERROR(INDEX(Laptop_Data!$C$2:$C$1299,MATCH(LARGE(Laptop_Data!$AQ$2:$AQ$1299,9),Laptop_Data!$AQ$2:$AQ$1299,0)),"") -> Dell Vostro 5568 (Notebook) | C25: =IFERROR(INDEX(Laptop_Data!$H$2:$H$1299,MATCH(LARGE(Laptop_Data!$AQ$2:$AQ$1299,9),Laptop_Data!$AQ$2:$AQ$1299,0)),"") -> 24165270 | D25: =IFERROR(INDEX(Laptop_Data!$I$2:$I$1299,MATCH(LARGE(Laptop_Data!$AQ$2:$AQ$1299,9),Laptop_Data!$AQ$2:$AQ$1299,0)),"") -> 256 | E25: =IFERROR(INDEX(Laptop_Data!$K$2:$K$1299,MATCH(LARGE(Laptop_Data!$AQ$2:$AQ$1299,9),Laptop_Data!$AQ$2:$AQ$1299,0)),"") -> 8 | F25: =IFERROR(INDEX(Laptop_Data!$P$2:$P$1299,MATCH(LARGE(Laptop_Data!$AQ$2:$AQ$1299,9),Laptop_Data!$AQ$2:$AQ$1299,0)),"") -> 1.98 | G25: =IFERROR(INDEX(Laptop_Data!$AP$2:$AP$1299,MATCH(LARGE(Laptop_Data!$AQ$2:$AQ$1299,9),Laptop_Data!$AQ$2:$AQ$1299,0)),"") -> 0.75161535
A26: 10 | B26: =IFERROR(INDEX(Laptop_Data!$C$2:$C$1299,MATCH(LARGE(Laptop_Data!$AQ$2:$AQ$1299,10),Laptop_Data!$AQ$2:$AQ$1299,0)),"") -> Dell Inspiron 3567 (Notebook) | C26: =IFERROR(INDEX(Laptop_Data!$H$2:$H$1299,MATCH(LARGE(Laptop_Data!$AQ$2:$AQ$1299,10),Laptop_Data!$AQ$2:$AQ$1299,0)),"") -> 20223270 | D26: =IFERROR(INDEX(Laptop_Data!$I$2:$I$1299,MATCH(LARGE(Laptop_Data!$AQ$2:$AQ$1299,10),Laptop_Data!$AQ$2:$AQ$1299,0)),"") -> 256 | E26: =IFERROR(INDEX(Laptop_Data!$K$2:$K$1299,MATCH(LARGE(Laptop_Data!$AQ$2:$AQ$1299,10),Laptop_Data!$AQ$2:$AQ$1299,0)),"") -> 8 | F26: =IFERROR(INDEX(Laptop_Data!$P$2:$P$1299,MATCH(LARGE(Laptop_Data!$AQ$2:$AQ$1299,10),Laptop_Data!$AQ$2:$AQ$1299,0)),"") -> 2.2 | G26: =IFERROR(INDEX(Laptop_Data!$AP$2:$AP$1299,MATCH(LARGE(Laptop_Data!$AQ$2:$AQ$1299,10),Laptop_Data!$AQ$2:$AQ$1299,0)),"") -> 0.75028732
A27: 11 | B27: =IFERROR(INDEX(Laptop_Data!$C$2:$C$1299,MATCH(LARGE(Laptop_Data!$AQ$2:$AQ$1299,11),Laptop_Data!$AQ$2:$AQ$1299,0)),"") -> Acer Aspire E5-576G (Notebook) | C27: =IFERROR(INDEX(Laptop_Data!$H$2:$H$1299,MATCH(LARGE(Laptop_Data!$AQ$2:$AQ$1299,11),Laptop_Data!$AQ$2:$AQ$1299,0)),"") -> 22464000 | D27: =IFERROR(INDEX(Laptop_Data!$I$2:$I$1299,MATCH(LARGE(Laptop_Data!$AQ$2:$AQ$1299,11),Laptop_Data!$AQ$2:$AQ$1299,0)),"") -> 256 | E27: =IFERROR(INDEX(Laptop_Data!$K$2:$K$1299,MATCH(LARGE(Laptop_Data!$AQ$2:$AQ$1299,11),Laptop_Data!$AQ$2:$AQ$1299,0)),"") -> 8 | F27: =IFERROR(INDEX(Laptop_Data!$P$2:$P$1299,MATCH(LARGE(Laptop_Data!$AQ$2:$AQ$1299,11),Laptop_Data!$AQ$2:$AQ$1299,0)),"") -> 2.2 | G27: =IFERROR(INDEX(Laptop_Data!$AP$2:$AP$1299,MATCH(LARGE(Laptop_Data!$AQ$2:$AQ$1299,11),Laptop_Data!$AQ$2:$AQ$1299,0)),"") -> 0.75028732
A28: 12 | B28: =IFERROR(INDEX(Laptop_Data!$C$2:$C$1299,MATCH(LARGE(Laptop_Data!$AQ$2:$AQ$1299,12),Laptop_Data!$AQ$2:$AQ$1299,0)),"") -> Dell Inspiron 3567 (Notebook) | C28: =IFERROR(INDEX(Laptop_Data!$H$2:$H$1299,MATCH(LARGE(Laptop_Data!$AQ$2:$AQ$1299,12),Laptop_Data!$AQ$2:$AQ$1299,0)),"") -> 20115000 | D28: =IFERROR(INDEX(Laptop_Data!$I$2:$I$1299,MATCH(LARGE(Laptop_Data!$AQ$2:$AQ$1299,12),Laptop_Data!$AQ$2:$AQ$1299,0)),"") -> 256 | E28: =IFERROR(INDEX(Laptop_Data!$K$2:$K$1299,MATCH(LARGE(Laptop_Data!$AQ$2:$AQ$1299,12),Laptop_Data!$AQ$2:$AQ$1299,0)),"") -> 8 | F28: =IFERROR(INDEX(Laptop_Data!$P$2:$P$1299,MATCH(LARGE(Laptop_Data!$AQ$2:$AQ$1299,12),Laptop_Data!$AQ$2:$AQ$1299,0)),"") -> 2.2 | G28: =IFERROR(INDEX(Laptop_Data!$AP$2:$AP$1299,MATCH(LARGE(Laptop_Data!$AQ$2:$AQ$1299,12),Laptop_Data!$AQ$2:$AQ$1299,0)),"") -> 0.75028732
A29: 13 | B29: =IFERROR(INDEX(Laptop_Data!$C$2:$C$1299,MATCH(LARGE(Laptop_Data!$AQ$2:$AQ$1299,13),Laptop_Data!$AQ$2:$AQ$1299,0)),"") -> Dell Inspiron 5567 (Notebook) | C29: =IFERROR(INDEX(Laptop_Data!$H$2:$H$1299,MATCH(LARGE(Laptop_Data!$AQ$2:$AQ$1299,13),Laptop_Data!$AQ$2:$AQ$1299,0)),"") -> 21029490 | D29: =IFERROR(INDEX(Laptop_Data!$I$2:$I$1299,MATCH(LARGE(Laptop_Data!$AQ$2:$AQ$1299,13),Laptop_Data!$AQ$2:$AQ$1299,0)),"") -> 256 | E29: =IFERROR(INDEX(Laptop_Data!$K$2:$K$1299,MATCH(LARGE(Laptop_Data!$AQ$2:$AQ$1299,13),Laptop_Data!$AQ$2:$AQ$1299,0)),"") -> 8 | F29: =IFERROR(INDEX(Laptop_Data!$P$2:$P$1299,MATCH(LARGE(Laptop_Data!$AQ$2:$AQ$1299,13),Laptop_Data!$AQ$2:$AQ$1299,0)),"") -> 2.33 | G29: =IFERROR(INDEX(Laptop_Data!$AP$2:$AP$1299,MATCH(LARGE(Laptop_Data!$AQ$2:$AQ$1299,13),Laptop_Data!$AQ$2:$AQ$1299,0)),"") -> 0.74950257
A30: 14 | B30: =IFERROR(INDEX(Laptop_Data!$C$2:$C$1299,MATCH(LARGE(Laptop_Data!$AQ$2:$AQ$1299,14),Laptop_Data!$AQ$2:$AQ$1299,0)),"") -> Dell Inspiron 5567 (Notebook) | C30: =IFERROR(INDEX(Laptop_Data!$H$2:$H$1299,MATCH(LARGE(Laptop_Data!$AQ$2:$AQ$1299,14),Laptop_Data!$AQ$2:$AQ$1299,0)),"") -> 24273000 | D30: =IFERROR(INDEX(Laptop_Data!$I$2:$I$1299,MATCH(LARGE(Laptop_Data!$AQ$2:$AQ$1299,14),Laptop_Data!$AQ$2:$AQ$1299,0)),"") -> 256 | E30: =IFERROR(INDEX(Laptop_Data!$K$2:$K$1299,MATCH(LARGE(Laptop_Data!$AQ$2:$AQ$1299,14),Laptop_Data!$AQ$2:$AQ$1299,0)),"") -> 8 | F30: =IFERROR(INDEX(Laptop_Data!$P$2:$P$1299,MATCH(LARGE(Laptop_Data!$AQ$2:$AQ$1299,14),Laptop_Data!$AQ$2:$AQ$1299,0)),"") -> 2.33 | G30: =IFERROR(INDEX(Laptop_Data!$AP$2:$AP$1299,MATCH(LARGE(Laptop_Data!$AQ$2:$AQ$1299,14),Laptop_Data!$AQ$2:$AQ$1299,0)),"") -> 0.74950257
A31: 15 | B31: =IFERROR(INDEX(Laptop_Data!$C$2:$C$1299,MATCH(LARGE(Laptop_Data!$AQ$2:$AQ$1299,15),Laptop_Data!$AQ$2:$AQ$1299,0)),"") -> HP Pavilion 15-CK000nv (Ultrabook) | C31: =IFERROR(INDEX(Laptop_Data!$H$2:$H$1299,MATCH(LARGE(Laptop_Data!$AQ$2:$AQ$1299,15),Laptop_Data!$AQ$2:$AQ$1299,0)),"") -> 18873000 | D31: =IFERROR(INDEX(Laptop_Data!$I$2:$I$1299,MATCH(LARGE(Laptop_Data!$AQ$2:$AQ$1299,15),Laptop_Data!$AQ$2:$AQ$1299,0)),"") -> 256 | E31: =IFERROR(INDEX(Laptop_Data!$K$2:$K$1299,MATCH(LARGE(Laptop_Data!$AQ$2:$AQ$1299,15),Laptop_Data!$AQ$2:$AQ$1299,0)),"") -> 8 | F31: =IFERROR(INDEX(Laptop_Data!$P$2:$P$1299,MATCH(LARGE(Laptop_Data!$AQ$2:$AQ$1299,15),Laptop_Data!$AQ$2:$AQ$1299,0)),"") -> 1.83 | G31: =IFERROR(INDEX(Laptop_Data!$AP$2:$AP$1299,MATCH(LARGE(Laptop_Data!$AQ$2:$AQ$1299,15),Laptop_Data!$AQ$2:$AQ$1299,0)),"") -> 0.73281319
A32: 16 | B32: =IFERROR(INDEX(Laptop_Data!$C$2:$C$1299,MATCH(LARGE(Laptop_Data!$AQ$2:$AQ$1299,16),Laptop_Data!$AQ$2:$AQ$1299,0)),"") -> HP 250 G6 (Ultrabook) | C32: =IFERROR(INDEX(Laptop_Data!$H$2:$H$1299,MATCH(LARGE(Laptop_Data!$AQ$2:$AQ$1299,16),Laptop_Data!$AQ$2:$AQ$1299,0)),"") -> 20304000 | D32: =IFERROR(INDEX(Laptop_Data!$I$2:$I$1299,MATCH(LARGE(Laptop_Data!$AQ$2:$AQ$1299,16),Laptop_Data!$AQ$2:$AQ$1299,0)),"") -> 256 | E32: =IFERROR(INDEX(Laptop_Data!$K$2:$K$1299,MATCH(LARGE(Laptop_Data!$AQ$2:$AQ$1299,16),Laptop_Data!$AQ$2:$AQ$1299,0)),"") -> 8 | F32: =IFERROR(INDEX(Laptop_Data!$P$2:$P$1299,MATCH(LARGE(Laptop_Data!$AQ$2:$AQ$1299,16),Laptop_Data!$AQ$2:$AQ$1299,0)),"") -> 1.84 | G32: =IFERROR(INDEX(Laptop_Data!$AP$2:$AP$1299,MATCH(LARGE(Laptop_Data!$AQ$2:$AQ$1299,16),Laptop_Data!$AQ$2:$AQ$1299,0)),"") -> 0.7289753
A33: 17 | B33: =IFERROR(INDEX(Laptop_Data!$C$2:$C$1299,MATCH(LARGE(Laptop_Data!$AQ$2:$AQ$1299,17),Laptop_Data!$AQ$2:$AQ$1299,0)),"") -> Acer Aspire R7 (2 in 1 Convertible) | C33: =IFERROR(INDEX(Laptop_Data!$H$2:$H$1299,MATCH(LARGE(Laptop_Data!$AQ$2:$AQ$1299,17),Laptop_Data!$AQ$2:$AQ$1299,0)),"") -> 21303270 | D33: =IFERROR(INDEX(Laptop_Data!$I$2:$I$1299,MATCH(LARGE(Laptop_Data!$AQ$2:$AQ$1299,17),Laptop_Data!$AQ$2:$AQ$1299,0)),"") -> 256 | E33: =IFERROR(INDEX(Laptop_Data!$K$2:$K$1299,MATCH(LARGE(Laptop_Data!$AQ$2:$AQ$1299,17),Laptop_Data!$AQ$2:$AQ$1299,0)),"") -> 8 | F33: =IFERROR(INDEX(Laptop_Data!$P$2:$P$1299,MATCH(LARGE(Laptop_Data!$AQ$2:$AQ$1299,17),Laptop_Data!$AQ$2:$AQ$1299,0)),"") -> 1.6 | G33: =IFERROR(INDEX(Laptop_Data!$AP$2:$AP$1299,MATCH(LARGE(Laptop_Data!$AQ$2:$AQ$1299,17),Laptop_Data!$AQ$2:$AQ$1299,0)),"") -> 0.7278222
A34: 18 | B34: =IFERROR(INDEX(Laptop_Data!$C$2:$C$1299,MATCH(LARGE(Laptop_Data!$AQ$2:$AQ$1299,18),Laptop_Data!$AQ$2:$AQ$1299,0)),"") -> Lenovo IdeaPad 310-15IKB (Ultrabook) | C34: =IFERROR(INDEX(Laptop_Data!$H$2:$H$1299,MATCH(LARGE(Laptop_Data!$AQ$2:$AQ$1299,18),Laptop_Data!$AQ$2:$AQ$1299,0)),"") -> 22437000 | D34: =IFERROR(INDEX(Laptop_Data!$I$2:$I$1299,MATCH(LARGE(Laptop_Data!$AQ$2:$AQ$1299,18),Laptop_Data!$AQ$2:$AQ$1299,0)),"") -> 256 | E34: =IFERROR(INDEX(Laptop_Data!$K$2:$K$1299,MATCH(LARGE(Laptop_Data!$AQ$2:$AQ$1299,18),Laptop_Data!$AQ$2:$AQ$1299,0)),"") -> 6 | F34: =IFERROR(INDEX(Laptop_Data!$P$2:$P$1299,MATCH(LARGE(Laptop_Data!$AQ$2:$AQ$1299,18),Laptop_Data!$AQ$2:$AQ$1299,0)),"") -> 1.54 | G34: =IFERROR(INDEX(Laptop_Data!$AP$2:$AP$1299,MATCH(LARGE(Laptop_Data!$AQ$2:$AQ$1299,18),Laptop_Data!$AQ$2:$AQ$1299,0)),"") -> 0.72657471
A35: 19 | B35: =IFERROR(INDEX(Laptop_Data!$C$2:$C$1299,MATCH(LARGE(Laptop_Data!$AQ$2:$AQ$1299,19),Laptop_Data!$AQ$2:$AQ$1299,0)),"") -> Dell Inspiron 5368 (2 in 1 Convertible) | C35: =IFERROR(INDEX(Laptop_Data!$H$2:$H$1299,MATCH(LARGE(Laptop_Data!$AQ$2:$AQ$1299,19),Laptop_Data!$AQ$2:$AQ$1299,0)),"") -> 21546270 | D35: =IFERROR(INDEX(Laptop_Data!$I$2:$I$1299,MATCH(LARGE(Laptop_Data!$AQ$2:$AQ$1299,19),Laptop_Data!$AQ$2:$AQ$1299,0)),"") -> 256 | E35: =IFERROR(INDEX(Laptop_Data!$K$2:$K$1299,MATCH(LARGE(Laptop_Data!$AQ$2:$AQ$1299,19),Laptop_Data!$AQ$2:$AQ$1299,0)),"") -> 8 | F35: =IFERROR(INDEX(Laptop_Data!$P$2:$P$1299,MATCH(LARGE(Laptop_Data!$AQ$2:$AQ$1299,19),Laptop_Data!$AQ$2:$AQ$1299,0)),"") -> 1.62 | G35: =IFERROR(INDEX(Laptop_Data!$AP$2:$AP$1299,MATCH(LARGE(Laptop_Data!$AQ$2:$AQ$1299,19),Laptop_Data!$AQ$2:$AQ$1299,0)),"") -> 0.72368611
A36: 20 | B36: =IFERROR(INDEX(Laptop_Data!$C$2:$C$1299,MATCH(LARGE(Laptop_Data!$AQ$2:$AQ$1299,20),Laptop_Data!$AQ$2:$AQ$1299,0)),"") -> HP 250 G5 (Notebook) | C36: =IFERROR(INDEX(Laptop_Data!$H$2:$H$1299,MATCH(LARGE(Laptop_Data!$AQ$2:$AQ$1299,20),Laptop_Data!$AQ$2:$AQ$1299,0)),"") -> 18333000 | D36: =IFERROR(INDEX(Laptop_Data!$I$2:$I$1299,MATCH(LARGE(Laptop_Data!$AQ$2:$AQ$1299,20),Laptop_Data!$AQ$2:$AQ$1299,0)),"") -> 256 | E36: =IFERROR(INDEX(Laptop_Data!$K$2:$K$1299,MATCH(LARGE(Laptop_Data!$AQ$2:$AQ$1299,20),Laptop_Data!$AQ$2:$AQ$1299,0)),"") -> 8 | F36: =IFERROR(INDEX(Laptop_Data!$P$2:$P$1299,MATCH(LARGE(Laptop_Data!$AQ$2:$AQ$1299,20),Laptop_Data!$AQ$2:$AQ$1299,0)),"") -> 1.96 | G36: =IFERROR(INDEX(Laptop_Data!$AP$2:$AP$1299,MATCH(LARGE(Laptop_Data!$AQ$2:$AQ$1299,20),Laptop_Data!$AQ$2:$AQ$1299,0)),"") -> 0.71830388
